{
  "frame_id": 152,
  "scene_mode": "sequence",
  "rgb_source": "mesh",
  "camera_profile": "forward",
  "time_of_day": "day",
  "traffic_flow": "into_scene",
  "rgb_path": "images/rgb/000152.png",
  "detection_path": "detection/000152.png",
  "segment_vis_path": "images/segment/000152.png",
  "depth_path": "depth/raw_npy/000152.npy",
  "instance_mask_path": "masks/instance/000152.png",
  "camera": {
    "eye": [
      0.0,
      2.200000047683716,
      8.5
    ],
    "target": [
      0.0,
      1.4000000953674316,
      -14.0
    ],
    "up": [
      0.0,
      1.0,
      0.0
    ],
    "fovy": 48.0,
    "near": 0.1,
    "far": 180.0
  },
  "lighting": {
    "sun_direction": [
      0.40657857060432434,
      -0.9035078883171082,
      -0.13552619516849518
    ],
    "sun_color": [
      1.0,
      0.9800000190734863,
      0.949999988079071
    ],
    "sun_intensity": 1.2,
    "fill_position": [
      4.0,
      6.0,
      8.0
    ],
    "fill_color": [
      0.6200000047683716,
      0.6800000071525574,
      0.75
    ],
    "fill_intensity": 0.95,
    "street_light_color": [
      1.0,
      0.8999999761581421,
      0.6800000071525574
    ],
    "street_light_intensity": 0.0,
    "street_light_count": 8,
    "sky_color": [
      0.6000000238418579,
      0.7300000190734863,
      0.8999999761581421
    ],
    "ambient_strength": 0.3,
    "shadow_enabled": true,
    "shadow_strength": 0.7
  },
  "objects": [
    {
      "instance_id": 1,
      "class_id": 6,
      "class_name": "road",
      "asset_key": "road_street",
      "position": [
        0.0,
        0.0,
        -24.0
      ],
      "yaw_deg": 0.0,
      "extra_scale": 1.0,
      "bbox_xywh": [
        0,
        349,
        1280,
        371
      ],
      "visible_pixels": 257149
    },
    {
      "instance_id": 2,
      "class_id": 7,
      "class_name": "building",
      "asset_key": "building_city",
      "position": [
        -18.0,
        0.0,
        -24.0
      ],
      "yaw_deg": 90.0,
      "extra_scale": 1.05,
      "bbox_xywh": [
        0,
        0,
        404,
        421
      ],
      "visible_pixels": 106340
    },
    {
      "instance_id": 3,
      "class_id": 7,
      "class_name": "building",
      "asset_key": "building_city",
      "position": [
        18.5,
        0.0,
        -24.0
      ],
      "yaw_deg": -90.0,
      "extra_scale": 0.95,
      "bbox_xywh": [
        880,
        0,
        400,
        416
      ],
      "visible_pixels": 116017
    },
    {
      "instance_id": 4,
      "class_id": 5,
      "class_name": "tree",
      "asset_key": "tree_tyro",
      "position": [
        -10.739070892333984,
        0.0,
        -19.218900680541992
      ],
      "yaw_deg": 34.44284893330699,
      "extra_scale": 1.2486841510093067,
      "bbox_xywh": [
        263,
        173,
        252,
        251
      ],
      "visible_pixels": 25313
    },
    {
      "instance_id": 5,
      "class_id": 5,
      "class_name": "tree",
      "asset_key": "tree_tyro",
      "position": [
        13.405586242675781,
        0.0,
        -12.967169761657715
      ],
      "yaw_deg": 294.4642663217402,
      "extra_scale": 0.931716839319303,
      "bbox_xywh": [
        999,
        204,
        277,
        225
      ],
      "visible_pixels": 32446
    },
    {
      "instance_id": 6,
      "class_id": 5,
      "class_name": "tree",
      "asset_key": "tree_tyro",
      "position": [
        -11.71121597290039,
        0.0,
        -13.038662910461426
      ],
      "yaw_deg": 22.379606708930943,
      "extra_scale": 1.2274858271062772,
      "bbox_xywh": [
        0,
        122,
        294,
        349
      ],
      "visible_pixels": 46353
    },
    {
      "instance_id": 7,
      "class_id": 5,
      "class_name": "tree",
      "asset_key": "tree_tyro",
      "position": [
        12.96056842803955,
        0.0,
        -29.76736068725586
      ],
      "yaw_deg": 9.126612139708836,
      "extra_scale": 0.8894040080980338,
      "bbox_xywh": [
        832,
        264,
        123,
        113
      ],
      "visible_pixels": 6676
    },
    {
      "instance_id": 8,
      "class_id": 0,
      "class_name": "car",
      "asset_key": "car_audi_r8",
      "position": [
        2.8302199840545654,
        0.0,
        -17.044445037841797
      ],
      "yaw_deg": 4.299875887577064,
      "extra_scale": 1.070371070609678,
      "bbox_xywh": [
        688,
        357,
        46,
        48
      ],
      "visible_pixels": 1313
    },
    {
      "instance_id": 9,
      "class_id": 0,
      "class_name": "car",
      "asset_key": "car_audi_r8",
      "position": [
        -2.704907178878784,
        0.0,
        -49.991336822509766
      ],
      "yaw_deg": 176.37644522660133,
      "extra_scale": 1.0744650411344296,
      "bbox_xywh": [
        584,
        342,
        35,
        21
      ],
      "visible_pixels": 548
    },
    {
      "instance_id": 10,
      "class_id": 0,
      "class_name": "car",
      "asset_key": "car_mercedes",
      "position": [
        2.917985439300537,
        0.0,
        -10.418021202087402
      ],
      "yaw_deg": 0.47067378224617684,
      "extra_scale": 0.9391731984472325,
      "bbox_xywh": [
        718,
        354,
        102,
        72
      ],
      "visible_pixels": 5785
    },
    {
      "instance_id": 11,
      "class_id": 0,
      "class_name": "car",
      "asset_key": "car_audi_r8",
      "position": [
        -2.690845251083374,
        0.0,
        0.9822875261306763
      ],
      "yaw_deg": 171.63451383028632,
      "extra_scale": 0.9961798742897177,
      "bbox_xywh": [
        88,
        428,
        417,
        206
      ],
      "visible_pixels": 60576
    },
    {
      "instance_id": 12,
      "class_id": 1,
      "class_name": "truck",
      "asset_key": "truck_main",
      "position": [
        2.758831739425659,
        0.0,
        -54.0094108581543
      ],
      "yaw_deg": -2.037038406970904,
      "extra_scale": 1.0739941939020166,
      "bbox_xywh": [
        663,
        327,
        27,
        34
      ],
      "visible_pixels": 751
    },
    {
      "instance_id": 13,
      "class_id": 4,
      "class_name": "person",
      "asset_key": "person_billboard",
      "position": [
        7.729563236236572,
        0.02118776924908161,
        -12.56151294708252
      ],
      "yaw_deg": 0.0,
      "extra_scale": 0.989966439113606,
      "bbox_xywh": [
        909,
        351,
        51,
        63
      ],
      "visible_pixels": 1298
    },
    {
      "instance_id": 14,
      "class_id": 4,
      "class_name": "person",
      "asset_key": "person_billboard",
      "position": [
        7.606318473815918,
        0.03841160610318184,
        -8.951944351196289
      ],
      "yaw_deg": 0.0,
      "extra_scale": 1.05489915362181,
      "bbox_xywh": [
        957,
        349,
        66,
        81
      ],
      "visible_pixels": 2056
    },
    {
      "instance_id": 15,
      "class_id": 4,
      "class_name": "person",
      "asset_key": "person_billboard",
      "position": [
        7.202419281005859,
        0.0009548329981043935,
        -13.299164772033691
      ],
      "yaw_deg": 0.0,
      "extra_scale": 1.0631717316337868,
      "bbox_xywh": [
        879,
        346,
        44,
        65
      ],
      "visible_pixels": 1262
    }
  ]
}