{
  "frame_id": 240,
  "scene_mode": "sequence",
  "rgb_source": "mesh",
  "camera_profile": "forward",
  "time_of_day": "day",
  "traffic_flow": "into_scene",
  "rgb_path": "images/rgb/000240.png",
  "detection_path": "detection/000240.png",
  "segment_vis_path": "images/segment/000240.png",
  "depth_path": "depth/raw_npy/000240.npy",
  "instance_mask_path": "masks/instance/000240.png",
  "camera": {
    "eye": [
      0.0,
      2.200000047683716,
      8.5
    ],
    "target": [
      0.0,
      1.4000000953674316,
      -14.0
    ],
    "up": [
      0.0,
      1.0,
      0.0
    ],
    "fovy": 48.0,
    "near": 0.1,
    "far": 180.0
  },
  "lighting": {
    "sun_direction": [
      0.40657857060432434,
      -0.9035078883171082,
      -0.13552619516849518
    ],
    "sun_color": [
      1.0,
      0.9800000190734863,
      0.949999988079071
    ],
    "sun_intensity": 1.2,
    "fill_position": [
      4.0,
      6.0,
      8.0
    ],
    "fill_color": [
      0.6200000047683716,
      0.6800000071525574,
      0.75
    ],
    "fill_intensity": 0.95,
    "street_light_color": [
      1.0,
      0.8999999761581421,
      0.6800000071525574
    ],
    "street_light_intensity": 0.0,
    "street_light_count": 8,
    "sky_color": [
      0.6000000238418579,
      0.7300000190734863,
      0.8999999761581421
    ],
    "ambient_strength": 0.3,
    "shadow_enabled": true,
    "shadow_strength": 0.7
  },
  "objects": [
    {
      "instance_id": 1,
      "class_id": 6,
      "class_name": "road",
      "asset_key": "road_street",
      "position": [
        0.0,
        0.0,
        -24.0
      ],
      "yaw_deg": 0.0,
      "extra_scale": 1.0,
      "bbox_xywh": [
        0,
        349,
        1280,
        371
      ],
      "visible_pixels": 304798
    },
    {
      "instance_id": 2,
      "class_id": 7,
      "class_name": "building",
      "asset_key": "building_city",
      "position": [
        -18.0,
        0.0,
        -24.0
      ],
      "yaw_deg": 90.0,
      "extra_scale": 1.05,
      "bbox_xywh": [
        0,
        0,
        404,
        421
      ],
      "visible_pixels": 106340
    },
    {
      "instance_id": 3,
      "class_id": 7,
      "class_name": "building",
      "asset_key": "building_city",
      "position": [
        18.5,
        0.0,
        -24.0
      ],
      "yaw_deg": -90.0,
      "extra_scale": 0.95,
      "bbox_xywh": [
        880,
        0,
        400,
        416
      ],
      "visible_pixels": 116695
    },
    {
      "instance_id": 4,
      "class_id": 5,
      "class_name": "tree",
      "asset_key": "tree_tyro",
      "position": [
        -10.739070892333984,
        0.0,
        -19.218900680541992
      ],
      "yaw_deg": 34.44284893330699,
      "extra_scale": 1.2486841510093067,
      "bbox_xywh": [
        263,
        173,
        252,
        251
      ],
      "visible_pixels": 25313
    },
    {
      "instance_id": 5,
      "class_id": 5,
      "class_name": "tree",
      "asset_key": "tree_tyro",
      "position": [
        13.405586242675781,
        0.0,
        -12.967169761657715
      ],
      "yaw_deg": 294.4642663217402,
      "extra_scale": 0.931716839319303,
      "bbox_xywh": [
        895,
        204,
        381,
        225
      ],
      "visible_pixels": 33867
    },
    {
      "instance_id": 6,
      "class_id": 5,
      "class_name": "tree",
      "asset_key": "tree_tyro",
      "position": [
        -11.71121597290039,
        0.0,
        -13.038662910461426
      ],
      "yaw_deg": 22.379606708930943,
      "extra_scale": 1.2274858271062772,
      "bbox_xywh": [
        0,
        122,
        305,
        349
      ],
      "visible_pixels": 46758
    },
    {
      "instance_id": 7,
      "class_id": 5,
      "class_name": "tree",
      "asset_key": "tree_tyro",
      "position": [
        12.96056842803955,
        0.0,
        -29.76736068725586
      ],
      "yaw_deg": 9.126612139708836,
      "extra_scale": 0.8894040080980338,
      "bbox_xywh": [
        849,
        264,
        106,
        118
      ],
      "visible_pixels": 6724
    },
    {
      "instance_id": 8,
      "class_id": 0,
      "class_name": "car",
      "asset_key": "car_audi_r8",
      "position": [
        2.9177961349487305,
        0.0,
        -54.823020935058594
      ],
      "yaw_deg": -0.17071600786290553,
      "extra_scale": 1.070371070609678,
      "bbox_xywh": [
        663,
        342,
        19,
        18
      ],
      "visible_pixels": 226
    },
    {
      "instance_id": 9,
      "class_id": 0,
      "class_name": "car",
      "asset_key": "car_audi_r8",
      "position": [
        -2.930920362472534,
        0.0,
        -24.15066146850586
      ],
      "yaw_deg": 182.59728998821652,
      "extra_scale": 1.0744650411344296,
      "bbox_xywh": [
        537,
        351,
        59,
        38
      ],
      "visible_pixels": 1724
    },
    {
      "instance_id": 10,
      "class_id": 0,
      "class_name": "car",
      "asset_key": "car_mercedes",
      "position": [
        2.885749340057373,
        0.0,
        -36.700870513916016
      ],
      "yaw_deg": -4.094487863651965,
      "extra_scale": 0.9391731984472325,
      "bbox_xywh": [
        675,
        341,
        13,
        27
      ],
      "visible_pixels": 275
    },
    {
      "instance_id": 11,
      "class_id": 0,
      "class_name": "car",
      "asset_key": "car_audi_r8",
      "position": [
        -2.753474712371826,
        0.0,
        -34.586219787597656
      ],
      "yaw_deg": 171.63451383028632,
      "extra_scale": 0.9961798742897177,
      "bbox_xywh": [
        574,
        348,
        37,
        26
      ],
      "visible_pixels": 473
    },
    {
      "instance_id": 12,
      "class_id": 1,
      "class_name": "truck",
      "asset_key": "truck_main",
      "position": [
        2.8353774547576904,
        0.0,
        -24.261608123779297
      ],
      "yaw_deg": -2.037038406970904,
      "extra_scale": 1.0739941939020166,
      "bbox_xywh": [
        688,
        323,
        55,
        68
      ],
      "visible_pixels": 3232
    },
    {
      "instance_id": 13,
      "class_id": 4,
      "class_name": "person",
      "asset_key": "person_billboard",
      "position": [
        7.683262348175049,
        0.023832449689507484,
        -17.25081443786621
      ],
      "yaw_deg": 0.0,
      "extra_scale": 0.989966439113606,
      "bbox_xywh": [
        859,
        347,
        44,
        52
      ],
      "visible_pixels": 914
    },
    {
      "instance_id": 14,
      "class_id": 4,
      "class_name": "person",
      "asset_key": "person_billboard",
      "position": [
        7.76865816116333,
        -0.04098683223128319,
        -12.316179275512695
      ],
      "yaw_deg": 0.0,
      "extra_scale": 1.05489915362181,
      "bbox_xywh": [
        912,
        349,
        55,
        66
      ],
      "visible_pixels": 1458
    },
    {
      "instance_id": 15,
      "class_id": 4,
      "class_name": "person",
      "asset_key": "person_billboard",
      "position": [
        7.274981498718262,
        -0.04656894505023956,
        -17.74609375
      ],
      "yaw_deg": 0.0,
      "extra_scale": 1.0631717316337868,
      "bbox_xywh": [
        840,
        345,
        34,
        54
      ],
      "visible_pixels": 765
    }
  ]
}